<?xml version="1.0" encoding="UTF-8" ?>
<!DOCTYPE mapper
  PUBLIC "-//mybatis.org//DTD Mapper 3.0//EN"
  "http://mybatis.org/dtd/mybatis-3-mapper.dtd">
<mapper namespace="board">
	<select id="selectAll" resultType="HashMap">
		select	*
		from	B_BOARDS
		order by board_id desc
	</select>
	
	<select id="selectDetail" resultType="HashMap" parameterType="int">
		select 	*
		from	B_BOARDS
		where	board_id = #{board_id}
	</select>
	
	<insert id="insert" parameterType="HashMap">
		<selectKey keyProperty="board_id" resultType="int" order="BEFORE">
			select seq_b_board.nextval from dual
		</selectKey>
		insert into B_BOARDS (board_id, board_name, board_use, userId, board_time)
		values (#{board_id}, #{board_name}, #{board_use}, #{userId}, SYSDATE)
	</insert>
	
	<update id="update" parameterType="HashMap">
		update 	B_BOARDS
		set		board_name = #{board_name},
				board_use = #{board_use}
		where	board_id = #{board_id}
	</update>
</mapper>